piece,scale,mesh_x_m,mesh_y_m,mesh_z_m,triangles,cells_x,cells_y,cells_z,voxels,surface,interior,seconds,status,note
Balcony_Cross_Corner,1.0,2.104,1.23,2.104,264,106,63,107,30315,27879,2436,5.8,ok,
Balcony_Cross_Straight,1.0,2.0,1.23,0.206,132,101,63,12,14716,14060,656,2.6,ok,
Balcony_Simple_Corner,1.0,2.104,1.23,2.104,2240,106,63,107,29300,26139,3161,5.2,ok,
Balcony_Simple_Straight,1.0,2.0,1.23,0.206,1120,101,63,12,14036,13090,946,2.6,ok,
Corner_ExteriorWide_Brick,1.0,0.712,3.043,0.756,2882,36,153,39,79458,22985,56473,5.3,ok,
Corner_ExteriorWide_Wood,1.0,0.29,3.0,0.331,36,14,150,16,22860,7032,15828,1.1,ok,
Corner_Exterior_Brick,1.0,0.531,3.016,0.576,3102,27,152,29,55910,17512,38398,4.0,ok,
Corner_Exterior_TopDown,1.0,0.093,2.467,0.093,16,6,124,6,314,314,0,0.0,ouvert (coque),
Corner_Exterior_TopOnly,1.0,0.093,0.234,0.093,8,6,12,6,152,152,0,0.0,ouvert (coque),
Corner_Exterior_Wood,1.0,0.21,3.0,0.24,12,10,150,12,18000,6160,11840,1.2,ok,
Corner_Interior_Big,1.0,0.333,3.0,0.368,24,18,151,20,8248,8248,0,1.1,ouvert (coque),
Corner_Interior_Small,1.0,0.21,3.0,0.24,12,10,150,12,18000,6160,11840,1.3,ok,
DoorFrame_Flat_Brick,1.0,1.575,2.376,0.494,1880,80,120,25,56873,18856,38017,4.1,ok,
DoorFrame_Flat_WoodDark,1.0,1.574,2.312,0.388,56,78,116,20,42414,16686,25728,3.6,ok,
DoorFrame_Round_Brick,1.0,1.603,2.586,0.477,2046,81,131,25,56575,18829,37746,4.6,ok,
DoorFrame_Round_WoodDark,1.0,1.407,2.563,0.539,320,72,128,28,45554,17414,28140,3.7,ok,
Door_1_Flat,1.0,1.118,2.1,0.121,314,56,105,7,20906,14187,6719,3.2,ok,
Door_1_Round,1.0,1.12,2.318,0.121,470,56,116,7,22392,15279,7113,3.6,ok,
Door_2_Flat,1.0,1.114,2.1,0.261,6032,56,105,14,24098,13450,10648,4.0,ok,
Door_2_Round,1.0,1.115,2.327,0.261,6188,56,117,14,25768,14575,11193,4.2,ok,
Door_4_Flat,1.0,1.118,2.092,0.209,1044,57,106,11,28089,20184,7905,10.5,ok,
Door_4_Round,1.0,1.115,2.323,0.209,1228,57,117,11,29977,21273,8704,11.5,ok,
Door_8_Flat,1.0,1.118,2.099,0.199,986,56,105,11,18886,13896,4990,4.0,ok,
Door_8_Round,1.0,1.152,2.324,0.199,1142,58,116,11,20377,14672,5705,4.5,ok,
Floor_Brick,1.0,2.0,0.02,2.0,4,101,2,101,20402,20402,0,1.5,ouvert (coque),
Floor_RedBrick,1.0,2.0,0.02,2.0,4,101,2,101,20402,20402,0,1.6,ouvert (coque),
Floor_UnevenBrick,1.0,2.0,0.02,2.0,4,101,2,101,20402,20402,0,1.6,ouvert (coque),
Floor_WoodDark,1.0,2.0,0.02,2.0,32,101,2,101,20402,20402,0,1.9,ouvert (coque),
Floor_WoodDark_Half1,1.0,1.0,0.02,2.0,32,51,2,101,10302,10302,0,0.9,ouvert (coque),
Floor_WoodDark_Half2,1.0,1.0,0.02,2.0,32,51,2,101,10302,10302,0,1.1,ouvert (coque),
Floor_WoodDark_Half3,1.0,2.0,0.02,1.0,16,101,2,51,10302,10302,0,1.0,ouvert (coque),
Floor_WoodDark_OverhangCorner,1.0,1.0,0.02,1.756,16,51,2,89,6438,6438,0,0.6,ouvert (coque),
Floor_WoodDark_OverhangCorner2,1.0,0.957,0.02,1.75,26,48,2,89,6188,6188,0,0.6,ouvert (coque),
Floor_WoodLight,1.0,2.0,0.02,2.0,32,101,2,101,20402,20402,0,2.0,ouvert (coque),
Floor_WoodLight_OverhangCorner,1.0,1.0,0.02,1.756,16,51,2,89,6438,6438,0,0.7,ouvert (coque),
Floor_WoodLight_OverhangCorner2,1.0,0.957,0.02,1.75,26,48,2,89,6188,6188,0,0.5,ouvert (coque),
HoleCover_90Angle,1.0,2.12,0.21,2.12,20,106,10,106,24000,8152,15848,1.3,ok,
HoleCover_90Half,1.0,1.12,0.21,1.12,16,56,12,57,4444,4444,0,0.4,ouvert (coque),
HoleCover_90Stairs,1.0,0.324,0.21,2.12,18,17,12,107,5028,5028,0,0.5,ouvert (coque),
HoleCover_Straight,1.0,2.0,0.21,0.24,12,100,10,12,12000,4160,7840,0.6,ok,
HoleCover_StraightHalf,1.0,1.0,0.21,0.24,10,51,12,12,2344,2344,0,0.2,ouvert (coque),
Overhang_Plaster_Corner,1.0,3.101,3.117,3.101,440,156,156,157,125831,100601,25230,15.5,ok,
Overhang_Plaster_Corner_Front,1.0,3.118,3.14,3.118,142,156,158,157,122253,117163,5090,16.6,ok,
Overhang_Plaster_Long,1.0,2.0,3.028,2.2,204,101,152,111,64174,55568,8606,7.9,ok,
Overhang_Plaster_Short,1.0,2.0,3.123,1.323,222,101,157,66,56405,50839,5566,6.7,ok,
Overhang_RoofIncline_Plaster,1.0,2.0,0.266,1.43,36,101,15,72,15522,11520,4002,2.1,ok,
Overhang_RoofIncline_UnevenBricks,1.0,2.0,0.266,1.43,36,101,15,72,15522,11520,4002,2.4,ok,
Overhang_Roof_Plaster,1.0,2.0,0.266,2.022,38,101,14,102,23498,16170,7328,2.3,ok,
Overhang_Roof_UnevenBricks,1.0,2.0,0.266,2.022,38,101,14,102,23498,16170,7328,2.4,ok,
Overhang_Side_Plaster_Long_L,1.0,0.479,6.117,2.314,314,24,306,117,96634,74017,22617,12.9,ok,
Overhang_Side_Plaster_Long_R,1.0,0.479,6.117,2.314,314,24,306,117,97935,74810,23125,13.1,ok,
Overhang_Side_Plaster_Short_L,1.0,0.479,6.117,1.437,302,24,306,72,75860,52715,23145,9.1,ok,
Overhang_Side_Plaster_Short_R,1.0,0.479,6.117,1.437,302,24,306,72,76564,53085,23479,9.3,ok,
Overhang_Side_UnevenBrick_Long_L,1.0,0.479,6.117,2.314,292,24,306,117,91776,69538,22238,11.1,ok,
Overhang_Side_UnevenBrick_Long_R,1.0,0.479,6.117,2.314,292,24,306,117,92680,69971,22709,11.2,ok,
Overhang_Side_UnevenBrick_Short_L,1.0,0.479,6.117,1.437,294,24,306,72,74250,51503,22747,8.7,ok,
Overhang_Side_UnevenBrick_Short_R,1.0,0.479,6.117,1.437,294,24,306,72,74547,52043,22504,9.1,ok,
Overhang_UnevenBrick_Corner,1.0,3.101,3.117,3.101,420,156,156,157,114798,96856,17942,14.6,ok,
Overhang_UnevenBrick_Corner_Front,1.0,3.118,3.117,3.118,60,156,156,157,101872,101533,339,9.3,ok,
Overhang_UnevenBrick_Long,1.0,2.0,3.028,2.2,196,101,152,111,61240,52562,8678,7.3,ok,
Overhang_UnevenBrick_Short,1.0,2.0,3.123,1.323,214,101,157,66,53471,47833,5638,6.0,ok,
Prop_Brick1,1.0,0.346,0.208,0.25,108,17,11,14,1967,794,1173,0.2,ok,
Prop_Brick2,1.0,0.395,0.245,0.217,94,21,13,12,2193,890,1303,0.1,ok,
Prop_Brick3,1.0,0.381,0.25,0.216,126,20,13,12,2194,825,1369,0.1,ok,
Prop_Brick4,1.0,0.257,0.25,0.216,126,14,13,11,1420,603,817,0.1,ok,
Prop_Chimney,1.0,0.946,3.178,1.0,618,48,159,51,38739,26699,12040,3.6,ok,
Prop_Chimney2,1.0,0.946,3.0,0.988,130,48,151,50,26628,26600,28,2.7,ok,
Prop_Crate,1.0,1.084,1.06,1.084,230,56,54,56,135251,25332,109919,6.5,ok,
Prop_ExteriorBorder_Corner,1.0,0.7,0.134,0.7,18,35,7,35,8506,3061,5445,0.5,ok,
Prop_ExteriorBorder_Straight1,1.0,2.0,0.134,0.7,16,100,7,35,24400,8230,16170,1.3,ok,
Prop_ExteriorBorder_Straight2,1.0,2.0,0.134,0.7,16,100,7,35,24400,8230,16170,1.2,ok,
Prop_MetalFence_Ornament,1.0,1.952,2.852,0.156,3988,98,143,8,24233,16693,7540,7.7,ok,
Prop_MetalFence_Simple,1.0,1.949,2.868,0.156,2744,98,144,8,20847,14424,6423,7.0,ok,
Prop_Support,1.0,0.199,1.709,2.036,16,10,87,102,8002,8002,0,0.9,ouvert (coque),
Prop_Vine1,1.0,1.536,2.603,0.219,82,65,129,10,6246,6196,50,0.8,ok,
Prop_Vine2,1.0,1.386,2.603,0.214,45,49,129,7,4383,4362,21,0.5,ok,
Prop_Vine4,1.0,1.017,1.588,0.15,31,30,73,5,1567,1547,20,0.2,ok,
Prop_Vine5,1.0,2.301,2.986,1.126,117,108,149,52,10101,9963,138,1.1,ok,
Prop_Vine6,1.0,4.137,2.468,1.47,114,194,122,69,13422,13302,120,1.3,ok,
Prop_Vine9,1.0,4.137,1.467,1.47,44,194,69,68,10861,10786,75,1.0,ok,
Prop_Wagon,1.0,1.951,1.529,4.024,1672,98,77,201,97976,63646,34330,23.1,ok,
Prop_WoodenFence_Extension1,1.0,2.045,0.838,0.11,32,103,41,6,5414,4992,422,0.9,ok,
Prop_WoodenFence_Extension2,1.0,2.027,0.838,0.11,28,102,41,6,5356,4944,412,0.9,ok,
Prop_WoodenFence_Single,1.0,2.064,0.838,0.12,40,104,41,6,6114,4833,1281,1.1,ok,
Roof_2x4_RoundTile,1.0,3.293,2.666,4.232,1112,166,135,213,903015,153746,749269,34.9,ok,
Roof_Dormer_RoundTile,1.0,1.966,2.673,2.439,904,100,135,122,127322,93135,34187,18.5,ok,
Roof_FrontSupports,1.0,5.486,0.231,0.655,60,276,12,34,13632,13632,0,1.5,ouvert (coque),
Roof_Front_Brick2,1.0,2.607,1.775,0.751,78,131,90,38,26851,24529,2322,4.4,ok,
Roof_Front_Brick4,1.0,4.4,3.069,1.129,252,221,154,57,87332,64905,22427,11.3,ok,
Roof_Front_Brick4_Half_L,1.0,2.41,3.197,0.49,140,122,161,25,51644,34488,17156,6.0,ok,
Roof_Front_Brick4_Half_R,1.0,2.416,3.197,0.49,146,122,161,25,63880,34180,29700,6.1,ok,
Roof_Front_Brick6,1.0,6.694,4.516,1.129,328,334,226,57,240869,121408,119461,22.6,ok,
Roof_Front_Brick6_Half_L,1.0,3.414,4.516,0.49,186,172,226,25,77226,62349,14877,10.0,ok,
Roof_Front_Brick6_Half_R,1.0,3.4,4.516,0.49,186,171,226,25,76790,61713,15077,9.8,ok,
Roof_Front_Brick8,1.0,8.511,5.446,1.129,364,426,273,57,318028,182150,135878,33.0,ok,
Roof_Front_Brick8_Half_L,1.0,4.327,5.446,0.49,204,217,273,25,106282,91964,14318,14.9,ok,
Roof_Front_Brick8_Half_R,1.0,4.349,5.446,0.49,204,218,273,25,105955,91378,14577,15.0,ok,
Roof_Log,1.0,1.149,1.387,10.696,164,59,70,536,1106661,100815,1005846,24.2,ok,
Roof_Modular_RoundTiles,1.0,0.663,0.505,2.252,136,34,26,114,19879,10073,9806,3.3,ok,
Roof_RoundTile_2x1,1.0,3.297,2.659,1.952,612,166,134,99,399697,79300,320397,17.3,ok,
Roof_RoundTile_2x1_Long,1.0,4.347,3.325,1.952,628,218,167,99,221015,124807,96208,19.4,ok,
Roof_RoundTiles_4x4,1.0,5.513,4.249,5.561,1996,276,213,279,758199,499349,258850,69.3,ok,
Roof_RoundTiles_4x6,1.0,5.513,4.234,7.572,2520,276,212,380,967067,653545,313522,86.5,ok,
Roof_RoundTiles_4x8,1.0,5.513,4.229,9.683,3116,276,212,485,1154628,808333,346295,102.1,ok,
Roof_RoundTiles_6x10,1.0,8.25,5.672,11.852,4300,414,285,593,1575893,1383063,192830,152.4,coque (grille dense trop grande),
Roof_RoundTiles_6x12,1.0,8.25,5.672,13.658,4752,,,,,,,0,ignoré (boîte trop grande pour le crible),80 M cellules
Roof_RoundTiles_6x14,1.0,8.25,5.672,15.706,5372,,,,,,,0,ignoré (boîte trop grande pour le crible),92 M cellules
Roof_RoundTiles_6x4,1.0,8.25,5.672,4.992,2192,414,285,250,961966,613631,348335,80.2,ok,
Roof_RoundTiles_6x6,1.0,8.25,5.672,8.032,3244,,,,,,,0,ignoré (boîte trop grande pour le crible),47 M cellules
Roof_RoundTiles_6x8,1.0,8.25,5.672,9.683,3796,,,,,,,0,ignoré (boîte trop grande pour le crible),57 M cellules
Roof_RoundTiles_8x10,1.0,9.952,6.781,11.859,4480,,,,,,,0,ignoré (boîte trop grande pour le crible),100 M cellules
Roof_RoundTiles_8x12,1.0,9.952,6.781,14.132,6356,,,,,,,0,ignoré (boîte trop grande pour le crible),119 M cellules
Roof_RoundTiles_8x14,1.0,9.952,6.781,15.706,5484,,,,,,,0,ignoré (boîte trop grande pour le crible),132 M cellules
Roof_RoundTiles_8x8,1.0,9.952,6.781,10.332,3888,,,,,,,0,ignoré (boîte trop grande pour le crible),87 M cellules
Roof_Support2,1.0,0.2,0.743,0.765,84,10,38,39,2714,2644,70,0.3,ok,
Roof_Tower_RoundTiles,1.0,5.651,7.361,5.427,4024,284,369,272,923650,596574,327076,82.8,ok,
Roof_Wooden_2x1,1.0,2.258,1.248,1.56,224,114,64,79,72645,34778,37867,7.1,ok,
Roof_Wooden_2x1_Center,1.0,2.0,1.208,1.499,52,101,62,75,53265,21513,31752,3.4,ok,
Roof_Wooden_2x1_Center_Mirror,1.0,2.0,1.208,1.499,52,101,62,76,53230,21486,31744,3.8,ok,
Roof_Wooden_2x1_Corner,1.0,1.544,1.183,1.557,82,79,60,79,22446,17145,5301,2.4,ok,
Roof_Wooden_2x1_L,1.0,2.129,1.248,1.56,158,108,64,79,64674,28807,35867,6.2,ok,
Roof_Wooden_2x1_Middle,1.0,2.0,0.138,2.0,24,101,8,101,21614,21614,0,2.5,ouvert (coque),
Roof_Wooden_2x1_R,1.0,2.129,1.248,1.56,158,107,64,79,64621,28746,35875,6.5,ok,
Stair_Interior_Rails,1.0,1.717,3.931,4.563,3144,86,197,229,27354,24676,2678,14.8,ok,
Stair_Interior_Simple,1.0,1.676,3.035,4.62,208,84,152,232,126826,64262,62564,15.1,ok,
Stair_Interior_Solid,1.0,1.769,3.046,4.71,306,90,153,236,167732,119285,48447,24.9,ok,
Stair_Interior_SolidExtended,1.0,1.769,3.046,6.158,376,90,153,309,180195,147947,32248,29.5,ok,
Stairs_Exterior_NoFirstStep,1.0,2.0,1.0,2.077,52,101,51,105,81674,36338,45336,4.9,ok,
Stairs_Exterior_Platform,1.0,2.0,1.0,2.001,32,101,51,102,103342,41308,62034,4.4,ok,
Stairs_Exterior_Platform45,1.0,2.001,1.0,2.001,55,101,51,101,93437,40535,52902,4.3,ok,
Stairs_Exterior_Platform45Clean,1.0,2.0,1.0,2.001,45,101,51,101,93286,40303,52983,4.4,ok,
Stairs_Exterior_PlatformU,1.0,2.0,1.0,2.001,68,101,51,101,96106,49822,46284,5.9,ok,
Stairs_Exterior_SidePlatform,1.0,2.0,1.0,2.001,30,100,51,102,101232,32142,69090,3.8,ok,
Stairs_Exterior_Sides,1.0,2.0,1.0,2.0,16,101,51,101,24240,24240,0,1.7,ouvert (coque),
Stairs_Exterior_Sides45,1.0,2.0,1.0,2.0,28,101,51,101,23098,23098,0,1.8,ouvert (coque),
Stairs_Exterior_SidesU,1.0,2.0,1.0,2.0,56,101,51,101,33898,33898,0,2.9,ouvert (coque),
Stairs_Exterior_SingleSide,1.0,0.2,1.0,2.0,12,10,50,100,50000,12368,37632,1.4,ok,
Stairs_Exterior_SingleSideThick,1.0,0.4,1.0,2.0,12,20,50,100,100000,15328,84672,2.0,ok,
Stairs_Exterior_Straight,1.0,2.0,1.204,2.078,62,101,62,105,88766,42350,46416,5.7,ok,
Stairs_Exterior_Straight_Center,1.0,2.0,1.022,2.078,50,101,52,105,33128,32732,396,3.5,ok,
Stairs_Exterior_Straight_L,1.0,2.0,1.204,2.078,56,101,62,105,38534,37925,609,3.5,ok,
Stairs_Exterior_Straight_R,1.0,2.0,1.204,2.078,56,101,62,105,38534,37925,609,3.7,ok,
Wall_Arch,1.0,2.0,3.0,0.064,196,100,150,3,12708,9192,3516,1.8,ok,
Wall_BottomCover,1.0,2.0,0.238,0.432,36,101,13,22,4661,4661,0,0.5,ouvert (coque),
Wall_Plaster_Door_Flat,1.0,2.0,3.123,0.406,92,101,157,21,22423,22258,165,2.5,ok,
Wall_Plaster_Door_Round,1.0,2.0,3.123,0.406,137,101,157,21,21114,20949,165,2.1,ok,
Wall_Plaster_Door_RoundInset,1.0,2.0,3.123,1.092,180,101,157,55,47710,47577,133,5.0,ok,
Wall_Plaster_Straight,1.0,2.0,3.125,0.406,86,101,158,21,44349,43061,1288,5.6,ok,
Wall_Plaster_Straight_Base,1.0,2.0,3.123,0.406,64,101,157,21,39230,38933,297,3.6,ok,
Wall_Plaster_Straight_L,1.0,2.002,3.123,0.406,72,101,157,21,42834,41925,909,5.1,ok,
Wall_Plaster_Straight_R,1.0,2.002,3.123,0.406,72,102,157,21,42836,41927,909,5.5,ok,
Wall_Plaster_Window_Thin_Round,1.0,2.0,3.123,0.406,166,101,157,21,34993,34696,297,4.2,ok,
Wall_Plaster_Window_Wide_Flat,1.0,2.0,3.123,0.406,96,101,157,21,31914,31617,297,3.7,ok,
Wall_Plaster_Window_Wide_Flat2,1.0,2.0,3.146,0.406,122,101,159,21,41853,36069,5784,6.7,ok,
Wall_Plaster_Window_Wide_Round,1.0,2.0,3.123,0.406,124,101,157,21,30359,30062,297,2.9,ok,
Wall_Plaster_WoodGrid,1.0,2.0,3.123,0.406,248,101,157,21,58317,40538,17779,9.1,ok,
Wall_UnevenBrick_Door_Flat,1.0,2.0,3.123,0.406,74,101,157,21,22302,22203,99,2.2,ok,
Wall_UnevenBrick_Door_Round,1.0,2.0,3.123,0.406,136,101,157,21,20876,20777,99,2.1,ok,
Wall_UnevenBrick_Straight,1.0,2.0,3.123,0.406,56,101,157,21,35998,35899,99,3.1,ok,
Wall_UnevenBrick_Window_Thin_Round,1.0,2.0,3.123,0.406,158,101,157,21,31757,31658,99,3.5,ok,
Wall_UnevenBrick_Window_Wide_Flat,1.0,2.0,3.123,0.406,88,101,157,21,28744,28645,99,3.1,ok,
Wall_UnevenBrick_Window_Wide_Round,1.0,2.0,3.123,0.406,116,101,157,21,27194,27095,99,2.8,ok,
WindowShutters_Thin_Flat_Closed,1.0,0.852,1.424,0.136,96,43,72,7,12047,7636,4411,1.8,ok,
WindowShutters_Thin_Flat_Open,1.0,1.354,1.424,0.377,96,69,72,20,12468,6906,5562,1.9,ok,
WindowShutters_Thin_Round_Closed,1.0,0.867,1.518,0.136,112,43,75,8,11737,7585,4152,2.3,ok,
WindowShutters_Thin_Round_Open,1.0,1.606,1.518,0.376,112,81,77,20,13175,7290,5885,2.5,ok,
WindowShutters_Wide_Flat_Closed,1.0,1.347,1.424,0.136,120,68,72,8,18180,11562,6618,3.0,ok,
WindowShutters_Wide_Flat_Open,1.0,2.481,1.424,0.457,120,125,72,24,19680,11492,8188,3.2,ok,
WindowShutters_Wide_Round_Closed,1.0,1.347,1.647,0.136,136,68,84,8,19493,12309,7184,3.7,ok,
WindowShutters_Wide_Round_Open,1.0,2.303,1.647,0.472,136,116,84,25,21295,12251,9044,3.9,ok,
Window_Roof_Thin,1.0,0.852,1.177,1.179,46,44,60,60,8854,8733,121,1.0,ok,
Window_Roof_Wide,1.0,1.416,1.181,1.179,66,72,60,60,13749,13532,217,1.3,ok,
Window_Thin_Flat1,1.0,0.788,1.558,0.436,112,41,78,22,25302,11312,13990,2.7,ok,
Window_Thin_Round1,1.0,0.888,1.605,0.344,418,46,81,18,24884,10196,14688,2.3,ok,
Window_Wide_Flat1,1.0,1.608,1.58,0.683,160,80,79,34,49123,19951,29172,5.3,ok,
Window_Wide_Round1,1.0,1.365,1.726,0.53,354,70,87,27,39936,15155,24781,3.7,ok,
